INSERT INTO host_type (host_type_id,host_name) VALUES (1,'On-premise - RHEV'),(2,'Azure'),(3,'Sunguard'),(4,'AWS'),(5,'Oracle Cloud');
INSERT INTO artefact_store_type (artefact_store_type_id,artefact_store_type_desc) VALUES ('1','Nexus'),('2','Artifactory');
INSERT INTO component_type (component_type_id,component_type_description) VALUES (1,'Application'),(2,'Infrastructure Configuration'),(3,'Infrastructure');
INSERT INTO status (status_id,status_description,status_type) VALUES (1,'Awaiting Approval','Deployment'),(2,'Approved ','Deployment'),(3,'In Progress','Deployment'),(4,'Completed','Deployment'),(5,'Failed','Deployment'),(6,'Awaiting Approval','Release'),(7,'Approved ','Release'),(8,'To be Approved','Booking');
INSERT INTO disk_type (disk_type_id,disk_type_description,min_size,max_size,host_type_id)   VALUES (1,'Standard OS disk',150,null,2),(2,'Standard Data disk',null,null,2),(3,'Premium OS disk',200,null,2),(4,'Premium Data disk',150,NULL,2);
INSERT INTO infrastructure_template (infra_template_id, infra_template_name, host_template_description, memory_size, cpu, max_no_disk, host_type_id) VALUES (1,'small','Standard_DS1_v2',3.5,1,4,2),(2,'medium','Standard_DS2_v2',7,2,8,2),(3,'large','Standard_DS3_v2',14,4,16,2),(4,'x_large','Standard_DS4_v2',28,8,32,2),(5,'xx_large','Standard_DS5_v2',56,16,64,2);
INSERT INTO deployment_type (deployment_type_id,deployment_type_description) VALUES (1,'Manual'),(2,'Partially Automated'),(3,'Fully Automated');
INSERT INTO method_creation_type (method_creation_type_id,name,description) VALUES (1,'B','Build Pipeline'),(2,'D','Deployment Pipeline'),(3,'M','Manual');
INSERT INTO infrastructure_type (infrastructure_type_id,infrastructure_type_name) VALUES (1,'Infrastructure'),(2,'PaaS');
UPDATE infrastructure_template set infrastructure_type_id=1;
INSERT INTO environment_data_type(environment_data_type_id,environment_data_type_name) VALUES (1,'Manufactured'),(2,'Obfuscated'),(3,'Production');
INSERT INTO environment_subscription_type(environment_subscription_type_id,environment_subscription_type_name) values (1,'PROD'),(2,'NON_PROD');
INSERT INTO environment_type (environment_type_id,environment_type_short_name,environment_type_name,identifier,environment_subscription_type_id) VALUES (1,'DEV','Development','D',2),(2,'TST','Testing','T',2),(3,'ACC','Acceptance','A',2),(4,'PRE','Pre-Production','R',2),(5,'PRD','Production','P',1);
INSERT INTO environment_use(environment_use_id,environment_use_name,environment_use_short_name) VALUES (1,'Development','DEV'),(2,'Functional Testing','TST'),(3,'Integration Testing','SIT'),(4,'User Acceptance Testing','UAT'),(5,'Performance Testing','PVT'),(6,'Operational Acceptance Testing','OAT'),(7,'Training','TRN'),(8,'Security Testing','SEC'),(9,'Pre-Production','PRE'),(10,'Production','PRD');
INSERT INTO parameter_type (parameter_type_id,parameter_type) VALUES (1,'Date Time'),(2,'Date'),(3,'Boolean'),(4,'FreeText'),(5,'List Single'),(6,'List Multi');
INSERT INTO system_network_set (system_network_set_id,system_network_set_name,system_network_set_short_name) VALUES (1,'Retail','r'),(2,'Supply Chain','s'),(3,'Corporate','c'),(4,'Digital','d');
INSERT INTO system_element_type (system_element_type_id,system_element_type_name,system_element_type_short_name) VALUES (1,'Application','app'),(2,'Database','db'),(3,'DMZ','dmz');
INSERT INTO host_region (host_region_id,host_region_name,host_region_description,host_type_id) VALUES (1,'APAC','Australia/NewZeland',2),(2,'EMEA','Europe,Middle East and Africa',2),(3,'UK','United Kingdom',1);
INSERT INTO host_site (host_site_id,host_site_name,host_site_description,host_region_id) VALUES (1,'em4','Azure Amsterdam - West Europe',2),(2,'em2','Azure Dublin - North Europe',2),(3,'ap6s','Azure Sydney',1),(4,'ap6m','Azure Melbourne',1),(5,'f6','Forum 6 Office, Whiteley, Southampton, GBR',3);